<annotation>
	<folder>60</folder>
	<filename>lung_slinding-20171129_162921_603-frame0165.jpg</filename>
	<path>C:\Users\marti\OneDrive\Počítač\60\lung_slinding-20171129_162921_603-frame0165.jpg</path>
	<source>
		<database>Unknown</database>
	</source>
	<size>
		<width>854</width>
		<height>480</height>
		<depth>3</depth>
	</size>
	<segmented>0</segmented>
	<object>
		<name>pleura</name>
		<pose>Unspecified</pose>
		<truncated>0</truncated>
		<difficult>0</difficult>
		<bndbox>
			<xmin>255</xmin>
			<ymin>230</ymin>
			<xmax>544</xmax>
			<ymax>304</ymax>
		</bndbox>
	</object>
	<object>
		<name>lung</name>
		<pose>Unspecified</pose>
		<truncated>1</truncated>
		<difficult>0</difficult>
		<bndbox>
			<xmin>281</xmin>
			<ymin>284</ymin>
			<xmax>537</xmax>
			<ymax>480</ymax>
		</bndbox>
	</object>
	<object>
		<name>rib</name>
		<pose>Unspecified</pose>
		<truncated>1</truncated>
		<difficult>0</difficult>
		<bndbox>
			<xmin>188</xmin>
			<ymin>277</ymin>
			<xmax>274</xmax>
			<ymax>480</ymax>
		</bndbox>
	</object>
	<object>
		<name>rib</name>
		<pose>Unspecified</pose>
		<truncated>1</truncated>
		<difficult>0</difficult>
		<bndbox>
			<xmin>552</xmin>
			<ymin>237</ymin>
			<xmax>664</xmax>
			<ymax>480</ymax>
		</bndbox>
	</object>
	<object>
		<name>tissue</name>
		<pose>Unspecified</pose>
		<truncated>1</truncated>
		<difficult>0</difficult>
		<bndbox>
			<xmin>188</xmin>
			<ymin>1</ymin>
			<xmax>666</xmax>
			<ymax>230</ymax>
		</bndbox>
	</object>
</annotation>
