<annotation>
	<folder>60</folder>
	<filename>lung_slinding-20171129_163101_604-frame0124.jpg</filename>
	<path>C:\Users\marti\OneDrive\Počítač\60\lung_slinding-20171129_163101_604-frame0124.jpg</path>
	<source>
		<database>Unknown</database>
	</source>
	<size>
		<width>854</width>
		<height>480</height>
		<depth>3</depth>
	</size>
	<segmented>0</segmented>
	<object>
		<name>rib</name>
		<pose>Unspecified</pose>
		<truncated>1</truncated>
		<difficult>0</difficult>
		<bndbox>
			<xmin>395</xmin>
			<ymin>51</ymin>
			<xmax>666</xmax>
			<ymax>480</ymax>
		</bndbox>
	</object>
	<object>
		<name>tissue</name>
		<pose>Unspecified</pose>
		<truncated>1</truncated>
		<difficult>0</difficult>
		<bndbox>
			<xmin>188</xmin>
			<ymin>1</ymin>
			<xmax>665</xmax>
			<ymax>51</ymax>
		</bndbox>
	</object>
	<object>
		<name>tissue</name>
		<pose>Unspecified</pose>
		<truncated>0</truncated>
		<difficult>0</difficult>
		<bndbox>
			<xmin>190</xmin>
			<ymin>52</ymin>
			<xmax>398</xmax>
			<ymax>211</ymax>
		</bndbox>
	</object>
	<object>
		<name>lung</name>
		<pose>Unspecified</pose>
		<truncated>0</truncated>
		<difficult>0</difficult>
		<bndbox>
			<xmin>270</xmin>
			<ymin>272</ymin>
			<xmax>393</xmax>
			<ymax>422</ymax>
		</bndbox>
	</object>
	<object>
		<name>rib</name>
		<pose>Unspecified</pose>
		<truncated>1</truncated>
		<difficult>0</difficult>
		<bndbox>
			<xmin>188</xmin>
			<ymin>235</ymin>
			<xmax>271</xmax>
			<ymax>480</ymax>
		</bndbox>
	</object>
	<object>
		<name>rib</name>
		<pose>Unspecified</pose>
		<truncated>1</truncated>
		<difficult>0</difficult>
		<bndbox>
			<xmin>272</xmin>
			<ymin>422</ymin>
			<xmax>395</xmax>
			<ymax>480</ymax>
		</bndbox>
	</object>
	<object>
		<name>pleura</name>
		<pose>Unspecified</pose>
		<truncated>0</truncated>
		<difficult>0</difficult>
		<bndbox>
			<xmin>252</xmin>
			<ymin>203</ymin>
			<xmax>421</xmax>
			<ymax>271</ymax>
		</bndbox>
	</object>
</annotation>
