<annotation>
	<folder>60</folder>
	<filename>lung_slinding-20171128_160557_580-frame0048.jpg</filename>
	<path>C:\Users\marti\OneDrive\Počítač\60\lung_slinding-20171128_160557_580-frame0048.jpg</path>
	<source>
		<database>Unknown</database>
	</source>
	<size>
		<width>854</width>
		<height>480</height>
		<depth>3</depth>
	</size>
	<segmented>0</segmented>
	<object>
		<name>rib</name>
		<pose>Unspecified</pose>
		<truncated>0</truncated>
		<difficult>0</difficult>
		<bndbox>
			<xmin>184</xmin>
			<ymin>317</ymin>
			<xmax>490</xmax>
			<ymax>479</ymax>
		</bndbox>
	</object>
	<object>
		<name>rib</name>
		<pose>Unspecified</pose>
		<truncated>0</truncated>
		<difficult>0</difficult>
		<bndbox>
			<xmin>187</xmin>
			<ymin>181</ymin>
			<xmax>361</xmax>
			<ymax>322</ymax>
		</bndbox>
	</object>
	<object>
		<name>pleura</name>
		<pose>Unspecified</pose>
		<truncated>0</truncated>
		<difficult>0</difficult>
		<bndbox>
			<xmin>360</xmin>
			<ymin>166</ymin>
			<xmax>665</xmax>
			<ymax>230</ymax>
		</bndbox>
	</object>
	<object>
		<name>lung</name>
		<pose>Unspecified</pose>
		<truncated>0</truncated>
		<difficult>0</difficult>
		<bndbox>
			<xmin>358</xmin>
			<ymin>213</ymin>
			<xmax>664</xmax>
			<ymax>319</ymax>
		</bndbox>
	</object>
	<object>
		<name>lung</name>
		<pose>Unspecified</pose>
		<truncated>0</truncated>
		<difficult>0</difficult>
		<bndbox>
			<xmin>488</xmin>
			<ymin>308</ymin>
			<xmax>664</xmax>
			<ymax>475</ymax>
		</bndbox>
	</object>
	<object>
		<name>tissue</name>
		<pose>Unspecified</pose>
		<truncated>1</truncated>
		<difficult>0</difficult>
		<bndbox>
			<xmin>189</xmin>
			<ymin>1</ymin>
			<xmax>664</xmax>
			<ymax>175</ymax>
		</bndbox>
	</object>
</annotation>
