<annotation>
	<folder>60</folder>
	<filename>lung_slinding-20171128_080058_567-frame0127.jpg</filename>
	<path>C:\Users\marti\OneDrive\Počítač\60\lung_slinding-20171128_080058_567-frame0127.jpg</path>
	<source>
		<database>Unknown</database>
	</source>
	<size>
		<width>854</width>
		<height>480</height>
		<depth>3</depth>
	</size>
	<segmented>0</segmented>
	<object>
		<name>rib</name>
		<pose>Unspecified</pose>
		<truncated>0</truncated>
		<difficult>0</difficult>
		<bndbox>
			<xmin>501</xmin>
			<ymin>313</ymin>
			<xmax>663</xmax>
			<ymax>473</ymax>
		</bndbox>
	</object>
	<object>
		<name>rib</name>
		<pose>Unspecified</pose>
		<truncated>0</truncated>
		<difficult>0</difficult>
		<bndbox>
			<xmin>608</xmin>
			<ymin>188</ymin>
			<xmax>666</xmax>
			<ymax>332</ymax>
		</bndbox>
	</object>
	<object>
		<name>rib</name>
		<pose>Unspecified</pose>
		<truncated>0</truncated>
		<difficult>0</difficult>
		<bndbox>
			<xmin>194</xmin>
			<ymin>344</ymin>
			<xmax>285</xmax>
			<ymax>479</ymax>
		</bndbox>
	</object>
	<object>
		<name>pleura</name>
		<pose>Unspecified</pose>
		<truncated>0</truncated>
		<difficult>0</difficult>
		<bndbox>
			<xmin>291</xmin>
			<ymin>165</ymin>
			<xmax>511</xmax>
			<ymax>234</ymax>
		</bndbox>
	</object>
	<object>
		<name>lung</name>
		<pose>Unspecified</pose>
		<truncated>0</truncated>
		<difficult>0</difficult>
		<bndbox>
			<xmin>293</xmin>
			<ymin>235</ymin>
			<xmax>498</xmax>
			<ymax>477</ymax>
		</bndbox>
	</object>
	<object>
		<name>lung</name>
		<pose>Unspecified</pose>
		<truncated>0</truncated>
		<difficult>0</difficult>
		<bndbox>
			<xmin>200</xmin>
			<ymin>168</ymin>
			<xmax>288</xmax>
			<ymax>338</ymax>
		</bndbox>
	</object>
	<object>
		<name>lung</name>
		<pose>Unspecified</pose>
		<truncated>0</truncated>
		<difficult>0</difficult>
		<bndbox>
			<xmin>517</xmin>
			<ymin>166</ymin>
			<xmax>599</xmax>
			<ymax>303</ymax>
		</bndbox>
	</object>
	<object>
		<name>tissue</name>
		<pose>Unspecified</pose>
		<truncated>1</truncated>
		<difficult>0</difficult>
		<bndbox>
			<xmin>188</xmin>
			<ymin>1</ymin>
			<xmax>668</xmax>
			<ymax>164</ymax>
		</bndbox>
	</object>
</annotation>
