<annotation>
	<folder>60</folder>
	<filename>lung_slinding-20171129_160652_595-frame0065.jpg</filename>
	<path>C:\Users\marti\OneDrive\Počítač\60\lung_slinding-20171129_160652_595-frame0065.jpg</path>
	<source>
		<database>Unknown</database>
	</source>
	<size>
		<width>854</width>
		<height>480</height>
		<depth>3</depth>
	</size>
	<segmented>0</segmented>
	<object>
		<name>pleura</name>
		<pose>Unspecified</pose>
		<truncated>0</truncated>
		<difficult>0</difficult>
		<bndbox>
			<xmin>189</xmin>
			<ymin>134</ymin>
			<xmax>431</xmax>
			<ymax>190</ymax>
		</bndbox>
	</object>
	<object>
		<name>lung</name>
		<pose>Unspecified</pose>
		<truncated>0</truncated>
		<difficult>0</difficult>
		<bndbox>
			<xmin>188</xmin>
			<ymin>190</ymin>
			<xmax>375</xmax>
			<ymax>424</ymax>
		</bndbox>
	</object>
	<object>
		<name>rib</name>
		<pose>Unspecified</pose>
		<truncated>1</truncated>
		<difficult>0</difficult>
		<bndbox>
			<xmin>187</xmin>
			<ymin>407</ymin>
			<xmax>664</xmax>
			<ymax>480</ymax>
		</bndbox>
	</object>
	<object>
		<name>rib</name>
		<pose>Unspecified</pose>
		<truncated>0</truncated>
		<difficult>0</difficult>
		<bndbox>
			<xmin>377</xmin>
			<ymin>279</ymin>
			<xmax>664</xmax>
			<ymax>414</ymax>
		</bndbox>
	</object>
	<object>
		<name>rib</name>
		<pose>Unspecified</pose>
		<truncated>0</truncated>
		<difficult>0</difficult>
		<bndbox>
			<xmin>582</xmin>
			<ymin>44</ymin>
			<xmax>663</xmax>
			<ymax>296</ymax>
		</bndbox>
	</object>
	<object>
		<name>tissue</name>
		<pose>Unspecified</pose>
		<truncated>1</truncated>
		<difficult>0</difficult>
		<bndbox>
			<xmin>188</xmin>
			<ymin>1</ymin>
			<xmax>567</xmax>
			<ymax>140</ymax>
		</bndbox>
	</object>
	<object>
		<name>rib</name>
		<pose>Unspecified</pose>
		<truncated>0</truncated>
		<difficult>0</difficult>
		<bndbox>
			<xmin>384</xmin>
			<ymin>212</ymin>
			<xmax>500</xmax>
			<ymax>281</ymax>
		</bndbox>
	</object>
	<object>
		<name>tissue</name>
		<pose>Unspecified</pose>
		<truncated>0</truncated>
		<difficult>1</difficult>
		<bndbox>
			<xmin>570</xmin>
			<ymin>2</ymin>
			<xmax>662</xmax>
			<ymax>44</ymax>
		</bndbox>
	</object>
</annotation>
