<annotation>
	<folder>60</folder>
	<filename>lung_slinding-NormalAnatomyLungSliding-frame0309.jpg</filename>
	<path>C:\Users\marti\OneDrive\Počítač\60\lung_slinding-NormalAnatomyLungSliding-frame0309.jpg</path>
	<source>
		<database>Unknown</database>
	</source>
	<size>
		<width>640</width>
		<height>480</height>
		<depth>1</depth>
	</size>
	<segmented>0</segmented>
	<object>
		<name>rib</name>
		<pose>Unspecified</pose>
		<truncated>1</truncated>
		<difficult>0</difficult>
		<bndbox>
			<xmin>81</xmin>
			<ymin>216</ymin>
			<xmax>166</xmax>
			<ymax>480</ymax>
		</bndbox>
	</object>
	<object>
		<name>lung</name>
		<pose>Unspecified</pose>
		<truncated>1</truncated>
		<difficult>0</difficult>
		<bndbox>
			<xmin>156</xmin>
			<ymin>219</ymin>
			<xmax>342</xmax>
			<ymax>480</ymax>
		</bndbox>
	</object>
	<object>
		<name>rib</name>
		<pose>Unspecified</pose>
		<truncated>1</truncated>
		<difficult>0</difficult>
		<bndbox>
			<xmin>352</xmin>
			<ymin>183</ymin>
			<xmax>557</xmax>
			<ymax>480</ymax>
		</bndbox>
	</object>
	<object>
		<name>rib</name>
		<pose>Unspecified</pose>
		<truncated>1</truncated>
		<difficult>0</difficult>
		<bndbox>
			<xmin>320</xmin>
			<ymin>330</ymin>
			<xmax>380</xmax>
			<ymax>480</ymax>
		</bndbox>
	</object>
	<object>
		<name>pleura</name>
		<pose>Unspecified</pose>
		<truncated>0</truncated>
		<difficult>0</difficult>
		<bndbox>
			<xmin>144</xmin>
			<ymin>169</ymin>
			<xmax>363</xmax>
			<ymax>233</ymax>
		</bndbox>
	</object>
	<object>
		<name>tissue</name>
		<pose>Unspecified</pose>
		<truncated>1</truncated>
		<difficult>0</difficult>
		<bndbox>
			<xmin>82</xmin>
			<ymin>1</ymin>
			<xmax>557</xmax>
			<ymax>182</ymax>
		</bndbox>
	</object>
</annotation>
