<annotation>
	<folder>60</folder>
	<filename>no_lung_sliding-LungSlidingAbsence-frame0210.jpg</filename>
	<path>C:\Users\marti\OneDrive\Počítač\60\no_lung_sliding-LungSlidingAbsence-frame0210.jpg</path>
	<source>
		<database>Unknown</database>
	</source>
	<size>
		<width>640</width>
		<height>480</height>
		<depth>1</depth>
	</size>
	<segmented>0</segmented>
	<object>
		<name>pleura</name>
		<pose>Unspecified</pose>
		<truncated>0</truncated>
		<difficult>0</difficult>
		<bndbox>
			<xmin>107</xmin>
			<ymin>253</ymin>
			<xmax>382</xmax>
			<ymax>333</ymax>
		</bndbox>
	</object>
	<object>
		<name>rib</name>
		<pose>Unspecified</pose>
		<truncated>1</truncated>
		<difficult>0</difficult>
		<bndbox>
			<xmin>382</xmin>
			<ymin>217</ymin>
			<xmax>557</xmax>
			<ymax>480</ymax>
		</bndbox>
	</object>
	<object>
		<name>lung</name>
		<pose>Unspecified</pose>
		<truncated>1</truncated>
		<difficult>0</difficult>
		<bndbox>
			<xmin>85</xmin>
			<ymin>303</ymin>
			<xmax>393</xmax>
			<ymax>480</ymax>
		</bndbox>
	</object>
	<object>
		<name>tissue</name>
		<pose>Unspecified</pose>
		<truncated>0</truncated>
		<difficult>0</difficult>
		<bndbox>
			<xmin>83</xmin>
			<ymin>217</ymin>
			<xmax>383</xmax>
			<ymax>254</ymax>
		</bndbox>
	</object>
	<object>
		<name>tissue</name>
		<pose>Unspecified</pose>
		<truncated>1</truncated>
		<difficult>0</difficult>
		<bndbox>
			<xmin>82</xmin>
			<ymin>1</ymin>
			<xmax>558</xmax>
			<ymax>216</ymax>
		</bndbox>
	</object>
</annotation>
